--
-- PostgreSQL database dump
--

\restrict pWs13ZD7FsR6ZUDIp2PcfY48yG5TeWkWwdvOPEmfAdYHQoqK3t3d3ERfvTzInpX

-- Dumped from database version 18.3
-- Dumped by pg_dump version 18.3

-- Started on 2026-05-11 14:43:03

SET statement_timeout = 0;
SET lock_timeout = 0;
SET idle_in_transaction_session_timeout = 0;
SET transaction_timeout = 0;
SET client_encoding = 'UTF8';
SET standard_conforming_strings = on;
SELECT pg_catalog.set_config('search_path', '', false);
SET check_function_bodies = false;
SET xmloption = content;
SET client_min_messages = warning;
SET row_security = off;

SET default_tablespace = '';

SET default_table_access_method = heap;

--
-- TOC entry 219 (class 1259 OID 16698)
-- Name: auth_group; Type: TABLE; Schema: public; Owner: postgres
--

CREATE TABLE public.auth_group (
    id integer NOT NULL,
    name character varying(150) NOT NULL
);


ALTER TABLE public.auth_group OWNER TO postgres;

--
-- TOC entry 220 (class 1259 OID 16703)
-- Name: auth_group_id_seq; Type: SEQUENCE; Schema: public; Owner: postgres
--

ALTER TABLE public.auth_group ALTER COLUMN id ADD GENERATED BY DEFAULT AS IDENTITY (
    SEQUENCE NAME public.auth_group_id_seq
    START WITH 1
    INCREMENT BY 1
    NO MINVALUE
    NO MAXVALUE
    CACHE 1
);


--
-- TOC entry 221 (class 1259 OID 16704)
-- Name: auth_group_permissions; Type: TABLE; Schema: public; Owner: postgres
--

CREATE TABLE public.auth_group_permissions (
    id bigint NOT NULL,
    group_id integer NOT NULL,
    permission_id integer NOT NULL
);


ALTER TABLE public.auth_group_permissions OWNER TO postgres;

--
-- TOC entry 222 (class 1259 OID 16710)
-- Name: auth_group_permissions_id_seq; Type: SEQUENCE; Schema: public; Owner: postgres
--

ALTER TABLE public.auth_group_permissions ALTER COLUMN id ADD GENERATED BY DEFAULT AS IDENTITY (
    SEQUENCE NAME public.auth_group_permissions_id_seq
    START WITH 1
    INCREMENT BY 1
    NO MINVALUE
    NO MAXVALUE
    CACHE 1
);


--
-- TOC entry 223 (class 1259 OID 16711)
-- Name: auth_permission; Type: TABLE; Schema: public; Owner: postgres
--

CREATE TABLE public.auth_permission (
    id integer NOT NULL,
    name character varying(255) NOT NULL,
    content_type_id integer NOT NULL,
    codename character varying(100) NOT NULL
);


ALTER TABLE public.auth_permission OWNER TO postgres;

--
-- TOC entry 224 (class 1259 OID 16718)
-- Name: auth_permission_id_seq; Type: SEQUENCE; Schema: public; Owner: postgres
--

ALTER TABLE public.auth_permission ALTER COLUMN id ADD GENERATED BY DEFAULT AS IDENTITY (
    SEQUENCE NAME public.auth_permission_id_seq
    START WITH 1
    INCREMENT BY 1
    NO MINVALUE
    NO MAXVALUE
    CACHE 1
);


--
-- TOC entry 225 (class 1259 OID 16719)
-- Name: auth_user; Type: TABLE; Schema: public; Owner: postgres
--

CREATE TABLE public.auth_user (
    id integer NOT NULL,
    password character varying(128) NOT NULL,
    last_login timestamp with time zone,
    is_superuser boolean NOT NULL,
    username character varying(150) NOT NULL,
    first_name character varying(150) NOT NULL,
    last_name character varying(150) NOT NULL,
    email character varying(254) NOT NULL,
    is_staff boolean NOT NULL,
    is_active boolean NOT NULL,
    date_joined timestamp with time zone NOT NULL
);


ALTER TABLE public.auth_user OWNER TO postgres;

--
-- TOC entry 226 (class 1259 OID 16734)
-- Name: auth_user_groups; Type: TABLE; Schema: public; Owner: postgres
--

CREATE TABLE public.auth_user_groups (
    id bigint NOT NULL,
    user_id integer NOT NULL,
    group_id integer NOT NULL
);


ALTER TABLE public.auth_user_groups OWNER TO postgres;

--
-- TOC entry 227 (class 1259 OID 16740)
-- Name: auth_user_groups_id_seq; Type: SEQUENCE; Schema: public; Owner: postgres
--

ALTER TABLE public.auth_user_groups ALTER COLUMN id ADD GENERATED BY DEFAULT AS IDENTITY (
    SEQUENCE NAME public.auth_user_groups_id_seq
    START WITH 1
    INCREMENT BY 1
    NO MINVALUE
    NO MAXVALUE
    CACHE 1
);


--
-- TOC entry 228 (class 1259 OID 16741)
-- Name: auth_user_id_seq; Type: SEQUENCE; Schema: public; Owner: postgres
--

ALTER TABLE public.auth_user ALTER COLUMN id ADD GENERATED BY DEFAULT AS IDENTITY (
    SEQUENCE NAME public.auth_user_id_seq
    START WITH 1
    INCREMENT BY 1
    NO MINVALUE
    NO MAXVALUE
    CACHE 1
);


--
-- TOC entry 229 (class 1259 OID 16742)
-- Name: auth_user_user_permissions; Type: TABLE; Schema: public; Owner: postgres
--

CREATE TABLE public.auth_user_user_permissions (
    id bigint NOT NULL,
    user_id integer NOT NULL,
    permission_id integer NOT NULL
);


ALTER TABLE public.auth_user_user_permissions OWNER TO postgres;

--
-- TOC entry 230 (class 1259 OID 16748)
-- Name: auth_user_user_permissions_id_seq; Type: SEQUENCE; Schema: public; Owner: postgres
--

ALTER TABLE public.auth_user_user_permissions ALTER COLUMN id ADD GENERATED BY DEFAULT AS IDENTITY (
    SEQUENCE NAME public.auth_user_user_permissions_id_seq
    START WITH 1
    INCREMENT BY 1
    NO MINVALUE
    NO MAXVALUE
    CACHE 1
);


--
-- TOC entry 231 (class 1259 OID 16749)
-- Name: django_admin_log; Type: TABLE; Schema: public; Owner: postgres
--

CREATE TABLE public.django_admin_log (
    id integer NOT NULL,
    action_time timestamp with time zone NOT NULL,
    object_id text,
    object_repr character varying(200) NOT NULL,
    action_flag smallint NOT NULL,
    change_message text NOT NULL,
    content_type_id integer,
    user_id integer NOT NULL,
    CONSTRAINT django_admin_log_action_flag_check CHECK ((action_flag >= 0))
);


ALTER TABLE public.django_admin_log OWNER TO postgres;

--
-- TOC entry 232 (class 1259 OID 16761)
-- Name: django_admin_log_id_seq; Type: SEQUENCE; Schema: public; Owner: postgres
--

ALTER TABLE public.django_admin_log ALTER COLUMN id ADD GENERATED BY DEFAULT AS IDENTITY (
    SEQUENCE NAME public.django_admin_log_id_seq
    START WITH 1
    INCREMENT BY 1
    NO MINVALUE
    NO MAXVALUE
    CACHE 1
);


--
-- TOC entry 233 (class 1259 OID 16762)
-- Name: django_content_type; Type: TABLE; Schema: public; Owner: postgres
--

CREATE TABLE public.django_content_type (
    id integer NOT NULL,
    app_label character varying(100) NOT NULL,
    model character varying(100) NOT NULL
);


ALTER TABLE public.django_content_type OWNER TO postgres;

--
-- TOC entry 234 (class 1259 OID 16768)
-- Name: django_content_type_id_seq; Type: SEQUENCE; Schema: public; Owner: postgres
--

ALTER TABLE public.django_content_type ALTER COLUMN id ADD GENERATED BY DEFAULT AS IDENTITY (
    SEQUENCE NAME public.django_content_type_id_seq
    START WITH 1
    INCREMENT BY 1
    NO MINVALUE
    NO MAXVALUE
    CACHE 1
);


--
-- TOC entry 235 (class 1259 OID 16769)
-- Name: django_migrations; Type: TABLE; Schema: public; Owner: postgres
--

CREATE TABLE public.django_migrations (
    id bigint NOT NULL,
    app character varying(255) NOT NULL,
    name character varying(255) NOT NULL,
    applied timestamp with time zone NOT NULL
);


ALTER TABLE public.django_migrations OWNER TO postgres;

--
-- TOC entry 236 (class 1259 OID 16778)
-- Name: django_migrations_id_seq; Type: SEQUENCE; Schema: public; Owner: postgres
--

ALTER TABLE public.django_migrations ALTER COLUMN id ADD GENERATED BY DEFAULT AS IDENTITY (
    SEQUENCE NAME public.django_migrations_id_seq
    START WITH 1
    INCREMENT BY 1
    NO MINVALUE
    NO MAXVALUE
    CACHE 1
);


--
-- TOC entry 237 (class 1259 OID 16779)
-- Name: django_session; Type: TABLE; Schema: public; Owner: postgres
--

CREATE TABLE public.django_session (
    session_key character varying(40) NOT NULL,
    session_data text NOT NULL,
    expire_date timestamp with time zone NOT NULL
);


ALTER TABLE public.django_session OWNER TO postgres;

--
-- TOC entry 238 (class 1259 OID 16787)
-- Name: stores_cart; Type: TABLE; Schema: public; Owner: postgres
--

CREATE TABLE public.stores_cart (
    id bigint NOT NULL,
    created_at timestamp with time zone NOT NULL,
    user_id integer NOT NULL
);


ALTER TABLE public.stores_cart OWNER TO postgres;

--
-- TOC entry 239 (class 1259 OID 16793)
-- Name: stores_cart_id_seq; Type: SEQUENCE; Schema: public; Owner: postgres
--

ALTER TABLE public.stores_cart ALTER COLUMN id ADD GENERATED BY DEFAULT AS IDENTITY (
    SEQUENCE NAME public.stores_cart_id_seq
    START WITH 1
    INCREMENT BY 1
    NO MINVALUE
    NO MAXVALUE
    CACHE 1
);


--
-- TOC entry 240 (class 1259 OID 16794)
-- Name: stores_cartitem; Type: TABLE; Schema: public; Owner: postgres
--

CREATE TABLE public.stores_cartitem (
    id bigint NOT NULL,
    quantity integer NOT NULL,
    cart_id bigint NOT NULL,
    product_id bigint NOT NULL,
    CONSTRAINT stores_cartitem_quantity_check CHECK ((quantity >= 0))
);


ALTER TABLE public.stores_cartitem OWNER TO postgres;

--
-- TOC entry 241 (class 1259 OID 16802)
-- Name: stores_cartitem_id_seq; Type: SEQUENCE; Schema: public; Owner: postgres
--

ALTER TABLE public.stores_cartitem ALTER COLUMN id ADD GENERATED BY DEFAULT AS IDENTITY (
    SEQUENCE NAME public.stores_cartitem_id_seq
    START WITH 1
    INCREMENT BY 1
    NO MINVALUE
    NO MAXVALUE
    CACHE 1
);


--
-- TOC entry 242 (class 1259 OID 16803)
-- Name: stores_order; Type: TABLE; Schema: public; Owner: postgres
--

CREATE TABLE public.stores_order (
    id bigint NOT NULL,
    full_name character varying(100) NOT NULL,
    phone character varying(20) NOT NULL,
    address text NOT NULL,
    note text NOT NULL,
    payment_method character varying(20) NOT NULL,
    status character varying(20) NOT NULL,
    total_amount numeric(15,0) NOT NULL,
    created_at timestamp with time zone NOT NULL,
    updated_at timestamp with time zone NOT NULL,
    user_id integer
);


ALTER TABLE public.stores_order OWNER TO postgres;

--
-- TOC entry 243 (class 1259 OID 16818)
-- Name: stores_order_id_seq; Type: SEQUENCE; Schema: public; Owner: postgres
--

ALTER TABLE public.stores_order ALTER COLUMN id ADD GENERATED BY DEFAULT AS IDENTITY (
    SEQUENCE NAME public.stores_order_id_seq
    START WITH 1
    INCREMENT BY 1
    NO MINVALUE
    NO MAXVALUE
    CACHE 1
);


--
-- TOC entry 244 (class 1259 OID 16819)
-- Name: stores_orderitem; Type: TABLE; Schema: public; Owner: postgres
--

CREATE TABLE public.stores_orderitem (
    id bigint NOT NULL,
    product_name character varying(200) NOT NULL,
    price numeric(15,0) NOT NULL,
    quantity integer NOT NULL,
    order_id bigint NOT NULL,
    product_id bigint,
    CONSTRAINT stores_orderitem_quantity_check CHECK ((quantity >= 0))
);


ALTER TABLE public.stores_orderitem OWNER TO postgres;

--
-- TOC entry 245 (class 1259 OID 16828)
-- Name: stores_orderitem_id_seq; Type: SEQUENCE; Schema: public; Owner: postgres
--

ALTER TABLE public.stores_orderitem ALTER COLUMN id ADD GENERATED BY DEFAULT AS IDENTITY (
    SEQUENCE NAME public.stores_orderitem_id_seq
    START WITH 1
    INCREMENT BY 1
    NO MINVALUE
    NO MAXVALUE
    CACHE 1
);


--
-- TOC entry 246 (class 1259 OID 16829)
-- Name: stores_phoneproduct; Type: TABLE; Schema: public; Owner: postgres
--

CREATE TABLE public.stores_phoneproduct (
    id bigint NOT NULL,
    phone_name character varying(200) NOT NULL,
    price numeric(15,0) NOT NULL,
    stock_status character varying(20) NOT NULL,
    store_id bigint NOT NULL,
    image_url character varying(200),
    created_at timestamp with time zone NOT NULL,
    description text NOT NULL,
    image character varying(100),
    specs text NOT NULL
);


ALTER TABLE public.stores_phoneproduct OWNER TO postgres;

--
-- TOC entry 247 (class 1259 OID 16842)
-- Name: stores_phoneproduct_id_seq; Type: SEQUENCE; Schema: public; Owner: postgres
--

ALTER TABLE public.stores_phoneproduct ALTER COLUMN id ADD GENERATED BY DEFAULT AS IDENTITY (
    SEQUENCE NAME public.stores_phoneproduct_id_seq
    START WITH 1
    INCREMENT BY 1
    NO MINVALUE
    NO MAXVALUE
    CACHE 1
);


--
-- TOC entry 248 (class 1259 OID 16843)
-- Name: stores_store; Type: TABLE; Schema: public; Owner: postgres
--

CREATE TABLE public.stores_store (
    id bigint NOT NULL,
    name character varying(100) NOT NULL,
    latitude double precision NOT NULL,
    longitude double precision NOT NULL,
    description text NOT NULL,
    phone_number character varying(20) NOT NULL,
    zalo_number character varying(20) NOT NULL,
    address character varying(255) NOT NULL
);


ALTER TABLE public.stores_store OWNER TO postgres;

--
-- TOC entry 249 (class 1259 OID 16856)
-- Name: stores_store_id_seq; Type: SEQUENCE; Schema: public; Owner: postgres
--

ALTER TABLE public.stores_store ALTER COLUMN id ADD GENERATED BY DEFAULT AS IDENTITY (
    SEQUENCE NAME public.stores_store_id_seq
    START WITH 1
    INCREMENT BY 1
    NO MINVALUE
    NO MAXVALUE
    CACHE 1
);


--
-- TOC entry 5165 (class 0 OID 16698)
-- Dependencies: 219
-- Data for Name: auth_group; Type: TABLE DATA; Schema: public; Owner: postgres
--

COPY public.auth_group (id, name) FROM stdin;
\.


--
-- TOC entry 5167 (class 0 OID 16704)
-- Dependencies: 221
-- Data for Name: auth_group_permissions; Type: TABLE DATA; Schema: public; Owner: postgres
--

COPY public.auth_group_permissions (id, group_id, permission_id) FROM stdin;
\.


--
-- TOC entry 5169 (class 0 OID 16711)
-- Dependencies: 223
-- Data for Name: auth_permission; Type: TABLE DATA; Schema: public; Owner: postgres
--

COPY public.auth_permission (id, name, content_type_id, codename) FROM stdin;
1	Can add log entry	1	add_logentry
2	Can change log entry	1	change_logentry
3	Can delete log entry	1	delete_logentry
4	Can view log entry	1	view_logentry
5	Can add permission	3	add_permission
6	Can change permission	3	change_permission
7	Can delete permission	3	delete_permission
8	Can view permission	3	view_permission
9	Can add group	2	add_group
10	Can change group	2	change_group
11	Can delete group	2	delete_group
12	Can view group	2	view_group
13	Can add user	4	add_user
14	Can change user	4	change_user
15	Can delete user	4	delete_user
16	Can view user	4	view_user
17	Can add content type	5	add_contenttype
18	Can change content type	5	change_contenttype
19	Can delete content type	5	delete_contenttype
20	Can view content type	5	view_contenttype
21	Can add session	6	add_session
22	Can change session	6	change_session
23	Can delete session	6	delete_session
24	Can view session	6	view_session
25	Can add Cửa hàng	12	add_store
26	Can change Cửa hàng	12	change_store
27	Can delete Cửa hàng	12	delete_store
28	Can view Cửa hàng	12	view_store
29	Can add Sản phẩm	11	add_phoneproduct
30	Can change Sản phẩm	11	change_phoneproduct
31	Can delete Sản phẩm	11	delete_phoneproduct
32	Can view Sản phẩm	11	view_phoneproduct
33	Can add Giỏ hàng	7	add_cart
34	Can change Giỏ hàng	7	change_cart
35	Can delete Giỏ hàng	7	delete_cart
36	Can view Giỏ hàng	7	view_cart
37	Can add Đơn hàng	9	add_order
38	Can change Đơn hàng	9	change_order
39	Can delete Đơn hàng	9	delete_order
40	Can view Đơn hàng	9	view_order
41	Can add Sản phẩm trong đơn	10	add_orderitem
42	Can change Sản phẩm trong đơn	10	change_orderitem
43	Can delete Sản phẩm trong đơn	10	delete_orderitem
44	Can view Sản phẩm trong đơn	10	view_orderitem
45	Can add Sản phẩm trong giỏ	8	add_cartitem
46	Can change Sản phẩm trong giỏ	8	change_cartitem
47	Can delete Sản phẩm trong giỏ	8	delete_cartitem
48	Can view Sản phẩm trong giỏ	8	view_cartitem
\.


--
-- TOC entry 5171 (class 0 OID 16719)
-- Dependencies: 225
-- Data for Name: auth_user; Type: TABLE DATA; Schema: public; Owner: postgres
--

COPY public.auth_user (id, password, last_login, is_superuser, username, first_name, last_name, email, is_staff, is_active, date_joined) FROM stdin;
2	pbkdf2_sha256$1200000$3OHCEs87Vzw5dvV5pNQF4U$36GxsI52GVaLnAeyZaAzzzis8g6x6Hi04cMJ38rrT0E=	2026-03-25 14:39:52.21393+07	f	tranngochuy				f	t	2026-03-25 14:39:51.129958+07
1	pbkdf2_sha256$1200000$ZDx9xc2wjX0Ua96mQAoReG$Jt7ds/EUhEfZFkrHJZ4JjqgrRS7wqy/jCKdsr+62syc=	2026-03-29 18:32:23.725525+07	t	admin			admin@gmail.com	t	t	2026-03-25 14:37:34.325178+07
\.


--
-- TOC entry 5172 (class 0 OID 16734)
-- Dependencies: 226
-- Data for Name: auth_user_groups; Type: TABLE DATA; Schema: public; Owner: postgres
--

COPY public.auth_user_groups (id, user_id, group_id) FROM stdin;
\.


--
-- TOC entry 5175 (class 0 OID 16742)
-- Dependencies: 229
-- Data for Name: auth_user_user_permissions; Type: TABLE DATA; Schema: public; Owner: postgres
--

COPY public.auth_user_user_permissions (id, user_id, permission_id) FROM stdin;
\.


--
-- TOC entry 5177 (class 0 OID 16749)
-- Dependencies: 231
-- Data for Name: django_admin_log; Type: TABLE DATA; Schema: public; Owner: postgres
--

COPY public.django_admin_log (id, action_time, object_id, object_repr, action_flag, change_message, content_type_id, user_id) FROM stdin;
\.


--
-- TOC entry 5179 (class 0 OID 16762)
-- Dependencies: 233
-- Data for Name: django_content_type; Type: TABLE DATA; Schema: public; Owner: postgres
--

COPY public.django_content_type (id, app_label, model) FROM stdin;
1	admin	logentry
2	auth	group
3	auth	permission
4	auth	user
5	contenttypes	contenttype
6	sessions	session
7	stores	cart
8	stores	cartitem
9	stores	order
10	stores	orderitem
11	stores	phoneproduct
12	stores	store
\.


--
-- TOC entry 5181 (class 0 OID 16769)
-- Dependencies: 235
-- Data for Name: django_migrations; Type: TABLE DATA; Schema: public; Owner: postgres
--

COPY public.django_migrations (id, app, name, applied) FROM stdin;
1	contenttypes	0001_initial	2026-03-25 14:33:43.812656+07
2	auth	0001_initial	2026-03-25 14:33:43.881986+07
3	admin	0001_initial	2026-03-25 14:33:43.899849+07
4	admin	0002_logentry_remove_auto_add	2026-03-25 14:33:43.907328+07
5	admin	0003_logentry_add_action_flag_choices	2026-03-25 14:33:43.913258+07
6	contenttypes	0002_remove_content_type_name	2026-03-25 14:33:43.929911+07
7	auth	0002_alter_permission_name_max_length	2026-03-25 14:33:43.937769+07
8	auth	0003_alter_user_email_max_length	2026-03-25 14:33:43.945216+07
9	auth	0004_alter_user_username_opts	2026-03-25 14:33:43.954523+07
10	auth	0005_alter_user_last_login_null	2026-03-25 14:33:43.961926+07
11	auth	0006_require_contenttypes_0002	2026-03-25 14:33:43.962433+07
12	auth	0007_alter_validators_add_error_messages	2026-03-25 14:33:43.969188+07
13	auth	0008_alter_user_username_max_length	2026-03-25 14:33:43.979677+07
14	auth	0009_alter_user_last_name_max_length	2026-03-25 14:33:43.991755+07
15	auth	0010_alter_group_name_max_length	2026-03-25 14:33:44.002747+07
16	auth	0011_update_proxy_permissions	2026-03-25 14:33:44.009814+07
17	auth	0012_alter_user_first_name_max_length	2026-03-25 14:33:44.019506+07
18	sessions	0001_initial	2026-03-25 14:33:44.030429+07
19	stores	0001_initial	2026-03-25 14:33:44.038158+07
20	stores	0002_store_description_store_phone_number_and_more	2026-03-25 14:33:44.062711+07
21	stores	0003_phoneproduct_image_url	2026-03-25 14:33:44.068232+07
22	stores	0004_alter_phoneproduct_options_alter_store_options_and_more	2026-03-25 14:33:44.166343+07
\.


--
-- TOC entry 5183 (class 0 OID 16779)
-- Dependencies: 237
-- Data for Name: django_session; Type: TABLE DATA; Schema: public; Owner: postgres
--

COPY public.django_session (session_key, session_data, expire_date) FROM stdin;
m9wgo42el4bua56ikum5obr833atcpgv	.eJxVjMsOwiAQRf-FtSG8KS7d-w0EZhipGkhKuzL-uzbpQrf3nHNfLKZtrXEbZYkzsjOT7PS75QSP0naA99RunUNv6zJnviv8oINfO5bn5XD_Dmoa9VsnMkmAniw5AQqDzS77DJ5CASdoMiRREqkcIIBXqKzT6NEYqbTWRrD3BwIIOAM:1w5Iqn:bpw7GETmsDw2xLhu3_e5oFO_bAk4Pun8SOxNqO3fdEw	2026-04-08 14:40:25.390435+07
18kh0kvv9vxk3reii2zreypq6nex8cas	.eJxVjMsKwjAQAP9lzxLyTtOjd78hJLtZU5UWmvYk_rsUetDrzDBvSHnfWtp7XdNEMIKCyy8rGZ91PgQ98nxfBC7ztk5FHIk4bRe3herrerZ_g5Z7gxEy2yzRDI69RE3RFV9CwcCxopc8WFakmHWJGDFo0s4bCmSt0sYYK-HzBQIIOAM:1w6oNT:ONCjnk291DQedicV30TAhqrpOVliU7VAsduSO385-c4	2026-04-12 18:32:23.730469+07
\.


--
-- TOC entry 5184 (class 0 OID 16787)
-- Dependencies: 238
-- Data for Name: stores_cart; Type: TABLE DATA; Schema: public; Owner: postgres
--

COPY public.stores_cart (id, created_at, user_id) FROM stdin;
1	2026-03-25 14:38:05.216509+07	1
2	2026-03-25 14:39:58.596425+07	2
\.


--
-- TOC entry 5186 (class 0 OID 16794)
-- Dependencies: 240
-- Data for Name: stores_cartitem; Type: TABLE DATA; Schema: public; Owner: postgres
--

COPY public.stores_cartitem (id, quantity, cart_id, product_id) FROM stdin;
5	2	1	38
\.


--
-- TOC entry 5188 (class 0 OID 16803)
-- Dependencies: 242
-- Data for Name: stores_order; Type: TABLE DATA; Schema: public; Owner: postgres
--

COPY public.stores_order (id, full_name, phone, address, note, payment_method, status, total_amount, created_at, updated_at, user_id) FROM stdin;
1	Trần Lê Anh Tuấn	0391289313	Tân Phú , Hồ Chí Minh		cod	pending	15000000	2026-03-25 16:48:38.573495+07	2026-03-25 16:48:38.573495+07	1
2	Tuấn Trần	0787657988	duong le van sy phuong 1 tbinh		cod	pending	30000000	2026-03-29 18:32:40.121358+07	2026-03-29 18:32:40.121373+07	1
\.


--
-- TOC entry 5190 (class 0 OID 16819)
-- Dependencies: 244
-- Data for Name: stores_orderitem; Type: TABLE DATA; Schema: public; Owner: postgres
--

COPY public.stores_orderitem (id, product_name, price, quantity, order_id, product_id) FROM stdin;
1	iPhone 13	15000000	1	1	38
2	iPhone 13	15000000	2	2	38
\.


--
-- TOC entry 5192 (class 0 OID 16829)
-- Dependencies: 246
-- Data for Name: stores_phoneproduct; Type: TABLE DATA; Schema: public; Owner: postgres
--

COPY public.stores_phoneproduct (id, phone_name, price, stock_status, store_id, image_url, created_at, description, image, specs) FROM stdin;
36	iPhone 11	10000000	in_stock	1	https://fdn2.gsmarena.com/vv/bigpic/apple-iphone-11.jpg	2026-03-25 14:52:08.701923+07	iPhone 11 64GB		A13, 4GB RAM
37	iPhone 12	12000000	in_stock	1	https://fdn2.gsmarena.com/vv/bigpic/apple-iphone-12.jpg	2026-03-25 14:52:08.701923+07	iPhone 12 64GB		A14, 4GB RAM
38	iPhone 13	15000000	in_stock	1	https://fdn2.gsmarena.com/vv/bigpic/apple-iphone-13.jpg	2026-03-25 14:52:08.701923+07	iPhone 13 128GB		A15, 4GB RAM
39	iPhone 14	18000000	in_stock	1	https://fdn2.gsmarena.com/vv/bigpic/apple-iphone-14.jpg	2026-03-25 14:52:08.701923+07	iPhone 14 128GB		A15, 6GB RAM
40	iPhone 15	22000000	in_stock	1	https://fdn2.gsmarena.com/vv/bigpic/apple-iphone-15.jpg	2026-03-25 14:52:08.701923+07	iPhone 15 128GB		A16, 6GB RAM
41	Samsung S21	11000000	in_stock	2	https://fdn2.gsmarena.com/vv/bigpic/samsung-galaxy-s21-5g.jpg	2026-03-25 14:52:08.701923+07	Galaxy S21		Snapdragon 888
42	Samsung S22	14000000	in_stock	2	https://fdn2.gsmarena.com/vv/bigpic/samsung-galaxy-s22-5g.jpg	2026-03-25 14:52:08.701923+07	Galaxy S22		Snapdragon 8 Gen 1
43	Samsung S23	18000000	in_stock	2	https://fdn2.gsmarena.com/vv/bigpic/samsung-galaxy-s23.jpg	2026-03-25 14:52:08.701923+07	Galaxy S23		Snapdragon 8 Gen 2
44	Samsung A52	8000000	in_stock	2	https://fdn2.gsmarena.com/vv/bigpic/samsung-galaxy-a52-5g.jpg	2026-03-25 14:52:08.701923+07	Galaxy A52		Snapdragon 720G
45	Samsung A73	9000000	in_stock	2	https://fdn2.gsmarena.com/vv/bigpic/samsung-galaxy-a73-5g.jpg	2026-03-25 14:52:08.701923+07	Galaxy A73		Snapdragon 778G
46	Xiaomi Mi 11	9000000	in_stock	3	https://fdn2.gsmarena.com/vv/bigpic/xiaomi-mi11.jpg	2026-03-25 14:52:08.701923+07	Mi 11		Snapdragon 888
47	Xiaomi Mi 12	11000000	in_stock	3	https://fdn2.gsmarena.com/vv/bigpic/xiaomi-12.jpg	2026-03-25 14:52:08.701923+07	Mi 12		Snapdragon 8 Gen 1
48	Redmi Note 11	5000000	in_stock	3	https://fdn2.gsmarena.com/vv/bigpic/xiaomi-redmi-note-11.jpg	2026-03-25 14:52:08.701923+07	Redmi Note 11		Snapdragon 680
49	Redmi Note 12	6000000	in_stock	3	https://fdn2.gsmarena.com/vv/bigpic/xiaomi-redmi-note-12.jpg	2026-03-25 14:52:08.701923+07	Redmi Note 12		Snapdragon 685
50	Poco X5	7000000	in_stock	3	https://fdn2.gsmarena.com/vv/bigpic/xiaomi-poco-x5.jpg	2026-03-25 14:52:08.701923+07	Poco X5		Snapdragon 695
51	Oppo Reno 6	8000000	in_stock	4	https://fdn2.gsmarena.com/vv/bigpic/oppo-reno6.jpg	2026-03-25 14:52:08.701923+07	Reno 6		Dimensity 900
52	Oppo Reno 7	9000000	in_stock	4	https://fdn2.gsmarena.com/vv/bigpic/oppo-reno7-5g.jpg	2026-03-25 14:52:08.701923+07	Reno 7		Snapdragon 778G
53	Oppo Reno 8	11000000	in_stock	4	https://fdn2.gsmarena.com/vv/bigpic/oppo-reno8.jpg	2026-03-25 14:52:08.701923+07	Reno 8		Dimensity 1300
54	Oppo A74	6000000	in_stock	4	https://fdn2.gsmarena.com/vv/bigpic/oppo-a74.jpg	2026-03-25 14:52:08.701923+07	A74		Snapdragon 662
55	Oppo A78	7000000	in_stock	4	https://fdn2.gsmarena.com/vv/bigpic/oppo-a78.jpg	2026-03-25 14:52:08.701923+07	A78		Snapdragon 680
56	Vivo V23	9000000	in_stock	5	https://fdn2.gsmarena.com/vv/bigpic/vivo-v23.jpg	2026-03-25 14:52:08.701923+07	V23		Dimensity 920
57	Vivo V25	10000000	in_stock	5	https://fdn2.gsmarena.com/vv/bigpic/vivo-v25.jpg	2026-03-25 14:52:08.701923+07	V25		Dimensity 900
58	Vivo Y20	4000000	in_stock	5	https://fdn2.gsmarena.com/vv/bigpic/vivo-y20.jpg	2026-03-25 14:52:08.701923+07	Y20		Snapdragon 460
59	Vivo Y33	5000000	in_stock	5	https://fdn2.gsmarena.com/vv/bigpic/vivo-y33s.jpg	2026-03-25 14:52:08.701923+07	Y33		Helio G80
60	Vivo Y35	6000000	in_stock	5	https://fdn2.gsmarena.com/vv/bigpic/vivo-y35.jpg	2026-03-25 14:52:08.701923+07	Y35		Snapdragon 680
\.


--
-- TOC entry 5194 (class 0 OID 16843)
-- Dependencies: 248
-- Data for Name: stores_store; Type: TABLE DATA; Schema: public; Owner: postgres
--

COPY public.stores_store (id, name, latitude, longitude, description, phone_number, zalo_number, address) FROM stdin;
1	Shop Apple HCM	10.7769	106.7009	Chuyên iPhone chính hãng	0900000001	0900000001	Quận 1, HCM
2	Shop Samsung HCM	10.782	106.695	Samsung chính hãng	0900000002	0900000002	Quận 3, HCM
3	Shop Xiaomi HCM	10.78	106.71	Xiaomi giá rẻ	0900000003	0900000003	Quận 5, HCM
4	Shop Oppo HCM	10.775	106.68	Oppo chính hãng	0900000004	0900000004	Quận 10, HCM
5	Shop Vivo HCM	10.77	106.69	Vivo đẹp giá tốt	0900000005	0900000005	Tân Bình
6	Shop Apple HN	21.0285	105.8542	Apple Hà Nội	0900000006	0900000006	Hoàn Kiếm
7	Shop Samsung HN	21.03	105.85	Samsung Hà Nội	0900000007	0900000007	Đống Đa
8	Shop Xiaomi HN	21.035	105.86	Xiaomi Hà Nội	0900000008	0900000008	Cầu Giấy
9	Shop Oppo HN	21.025	105.845	Oppo Hà Nội	0900000009	0900000009	Ba Đình
10	Shop Vivo HN	21.02	105.84	Vivo Hà Nội	0900000010	0900000010	Thanh Xuân
\.


--
-- TOC entry 5201 (class 0 OID 0)
-- Dependencies: 220
-- Name: auth_group_id_seq; Type: SEQUENCE SET; Schema: public; Owner: postgres
--

SELECT pg_catalog.setval('public.auth_group_id_seq', 1, false);


--
-- TOC entry 5202 (class 0 OID 0)
-- Dependencies: 222
-- Name: auth_group_permissions_id_seq; Type: SEQUENCE SET; Schema: public; Owner: postgres
--

SELECT pg_catalog.setval('public.auth_group_permissions_id_seq', 1, false);


--
-- TOC entry 5203 (class 0 OID 0)
-- Dependencies: 224
-- Name: auth_permission_id_seq; Type: SEQUENCE SET; Schema: public; Owner: postgres
--

SELECT pg_catalog.setval('public.auth_permission_id_seq', 48, true);


--
-- TOC entry 5204 (class 0 OID 0)
-- Dependencies: 227
-- Name: auth_user_groups_id_seq; Type: SEQUENCE SET; Schema: public; Owner: postgres
--

SELECT pg_catalog.setval('public.auth_user_groups_id_seq', 1, false);


--
-- TOC entry 5205 (class 0 OID 0)
-- Dependencies: 228
-- Name: auth_user_id_seq; Type: SEQUENCE SET; Schema: public; Owner: postgres
--

SELECT pg_catalog.setval('public.auth_user_id_seq', 2, true);


--
-- TOC entry 5206 (class 0 OID 0)
-- Dependencies: 230
-- Name: auth_user_user_permissions_id_seq; Type: SEQUENCE SET; Schema: public; Owner: postgres
--

SELECT pg_catalog.setval('public.auth_user_user_permissions_id_seq', 1, false);


--
-- TOC entry 5207 (class 0 OID 0)
-- Dependencies: 232
-- Name: django_admin_log_id_seq; Type: SEQUENCE SET; Schema: public; Owner: postgres
--

SELECT pg_catalog.setval('public.django_admin_log_id_seq', 1, false);


--
-- TOC entry 5208 (class 0 OID 0)
-- Dependencies: 234
-- Name: django_content_type_id_seq; Type: SEQUENCE SET; Schema: public; Owner: postgres
--

SELECT pg_catalog.setval('public.django_content_type_id_seq', 12, true);


--
-- TOC entry 5209 (class 0 OID 0)
-- Dependencies: 236
-- Name: django_migrations_id_seq; Type: SEQUENCE SET; Schema: public; Owner: postgres
--

SELECT pg_catalog.setval('public.django_migrations_id_seq', 22, true);


--
-- TOC entry 5210 (class 0 OID 0)
-- Dependencies: 239
-- Name: stores_cart_id_seq; Type: SEQUENCE SET; Schema: public; Owner: postgres
--

SELECT pg_catalog.setval('public.stores_cart_id_seq', 2, true);


--
-- TOC entry 5211 (class 0 OID 0)
-- Dependencies: 241
-- Name: stores_cartitem_id_seq; Type: SEQUENCE SET; Schema: public; Owner: postgres
--

SELECT pg_catalog.setval('public.stores_cartitem_id_seq', 6, true);


--
-- TOC entry 5212 (class 0 OID 0)
-- Dependencies: 243
-- Name: stores_order_id_seq; Type: SEQUENCE SET; Schema: public; Owner: postgres
--

SELECT pg_catalog.setval('public.stores_order_id_seq', 2, true);


--
-- TOC entry 5213 (class 0 OID 0)
-- Dependencies: 245
-- Name: stores_orderitem_id_seq; Type: SEQUENCE SET; Schema: public; Owner: postgres
--

SELECT pg_catalog.setval('public.stores_orderitem_id_seq', 2, true);


--
-- TOC entry 5214 (class 0 OID 0)
-- Dependencies: 247
-- Name: stores_phoneproduct_id_seq; Type: SEQUENCE SET; Schema: public; Owner: postgres
--

SELECT pg_catalog.setval('public.stores_phoneproduct_id_seq', 60, true);


--
-- TOC entry 5215 (class 0 OID 0)
-- Dependencies: 249
-- Name: stores_store_id_seq; Type: SEQUENCE SET; Schema: public; Owner: postgres
--

SELECT pg_catalog.setval('public.stores_store_id_seq', 10, true);


--
-- TOC entry 4935 (class 2606 OID 16858)
-- Name: auth_group auth_group_name_key; Type: CONSTRAINT; Schema: public; Owner: postgres
--

ALTER TABLE ONLY public.auth_group
    ADD CONSTRAINT auth_group_name_key UNIQUE (name);


--
-- TOC entry 4940 (class 2606 OID 16860)
-- Name: auth_group_permissions auth_group_permissions_group_id_permission_id_0cd325b0_uniq; Type: CONSTRAINT; Schema: public; Owner: postgres
--

ALTER TABLE ONLY public.auth_group_permissions
    ADD CONSTRAINT auth_group_permissions_group_id_permission_id_0cd325b0_uniq UNIQUE (group_id, permission_id);


--
-- TOC entry 4943 (class 2606 OID 16862)
-- Name: auth_group_permissions auth_group_permissions_pkey; Type: CONSTRAINT; Schema: public; Owner: postgres
--

ALTER TABLE ONLY public.auth_group_permissions
    ADD CONSTRAINT auth_group_permissions_pkey PRIMARY KEY (id);


--
-- TOC entry 4937 (class 2606 OID 16864)
-- Name: auth_group auth_group_pkey; Type: CONSTRAINT; Schema: public; Owner: postgres
--

ALTER TABLE ONLY public.auth_group
    ADD CONSTRAINT auth_group_pkey PRIMARY KEY (id);


--
-- TOC entry 4946 (class 2606 OID 16866)
-- Name: auth_permission auth_permission_content_type_id_codename_01ab375a_uniq; Type: CONSTRAINT; Schema: public; Owner: postgres
--

ALTER TABLE ONLY public.auth_permission
    ADD CONSTRAINT auth_permission_content_type_id_codename_01ab375a_uniq UNIQUE (content_type_id, codename);


--
-- TOC entry 4948 (class 2606 OID 16868)
-- Name: auth_permission auth_permission_pkey; Type: CONSTRAINT; Schema: public; Owner: postgres
--

ALTER TABLE ONLY public.auth_permission
    ADD CONSTRAINT auth_permission_pkey PRIMARY KEY (id);


--
-- TOC entry 4956 (class 2606 OID 16870)
-- Name: auth_user_groups auth_user_groups_pkey; Type: CONSTRAINT; Schema: public; Owner: postgres
--

ALTER TABLE ONLY public.auth_user_groups
    ADD CONSTRAINT auth_user_groups_pkey PRIMARY KEY (id);


--
-- TOC entry 4959 (class 2606 OID 16872)
-- Name: auth_user_groups auth_user_groups_user_id_group_id_94350c0c_uniq; Type: CONSTRAINT; Schema: public; Owner: postgres
--

ALTER TABLE ONLY public.auth_user_groups
    ADD CONSTRAINT auth_user_groups_user_id_group_id_94350c0c_uniq UNIQUE (user_id, group_id);


--
-- TOC entry 4950 (class 2606 OID 16874)
-- Name: auth_user auth_user_pkey; Type: CONSTRAINT; Schema: public; Owner: postgres
--

ALTER TABLE ONLY public.auth_user
    ADD CONSTRAINT auth_user_pkey PRIMARY KEY (id);


--
-- TOC entry 4962 (class 2606 OID 16876)
-- Name: auth_user_user_permissions auth_user_user_permissions_pkey; Type: CONSTRAINT; Schema: public; Owner: postgres
--

ALTER TABLE ONLY public.auth_user_user_permissions
    ADD CONSTRAINT auth_user_user_permissions_pkey PRIMARY KEY (id);


--
-- TOC entry 4965 (class 2606 OID 16878)
-- Name: auth_user_user_permissions auth_user_user_permissions_user_id_permission_id_14a6b632_uniq; Type: CONSTRAINT; Schema: public; Owner: postgres
--

ALTER TABLE ONLY public.auth_user_user_permissions
    ADD CONSTRAINT auth_user_user_permissions_user_id_permission_id_14a6b632_uniq UNIQUE (user_id, permission_id);


--
-- TOC entry 4953 (class 2606 OID 16880)
-- Name: auth_user auth_user_username_key; Type: CONSTRAINT; Schema: public; Owner: postgres
--

ALTER TABLE ONLY public.auth_user
    ADD CONSTRAINT auth_user_username_key UNIQUE (username);


--
-- TOC entry 4968 (class 2606 OID 16882)
-- Name: django_admin_log django_admin_log_pkey; Type: CONSTRAINT; Schema: public; Owner: postgres
--

ALTER TABLE ONLY public.django_admin_log
    ADD CONSTRAINT django_admin_log_pkey PRIMARY KEY (id);


--
-- TOC entry 4971 (class 2606 OID 16884)
-- Name: django_content_type django_content_type_app_label_model_76bd3d3b_uniq; Type: CONSTRAINT; Schema: public; Owner: postgres
--

ALTER TABLE ONLY public.django_content_type
    ADD CONSTRAINT django_content_type_app_label_model_76bd3d3b_uniq UNIQUE (app_label, model);


--
-- TOC entry 4973 (class 2606 OID 16886)
-- Name: django_content_type django_content_type_pkey; Type: CONSTRAINT; Schema: public; Owner: postgres
--

ALTER TABLE ONLY public.django_content_type
    ADD CONSTRAINT django_content_type_pkey PRIMARY KEY (id);


--
-- TOC entry 4975 (class 2606 OID 16888)
-- Name: django_migrations django_migrations_pkey; Type: CONSTRAINT; Schema: public; Owner: postgres
--

ALTER TABLE ONLY public.django_migrations
    ADD CONSTRAINT django_migrations_pkey PRIMARY KEY (id);


--
-- TOC entry 4978 (class 2606 OID 16890)
-- Name: django_session django_session_pkey; Type: CONSTRAINT; Schema: public; Owner: postgres
--

ALTER TABLE ONLY public.django_session
    ADD CONSTRAINT django_session_pkey PRIMARY KEY (session_key);


--
-- TOC entry 4981 (class 2606 OID 16892)
-- Name: stores_cart stores_cart_pkey; Type: CONSTRAINT; Schema: public; Owner: postgres
--

ALTER TABLE ONLY public.stores_cart
    ADD CONSTRAINT stores_cart_pkey PRIMARY KEY (id);


--
-- TOC entry 4983 (class 2606 OID 16894)
-- Name: stores_cart stores_cart_user_id_key; Type: CONSTRAINT; Schema: public; Owner: postgres
--

ALTER TABLE ONLY public.stores_cart
    ADD CONSTRAINT stores_cart_user_id_key UNIQUE (user_id);


--
-- TOC entry 4986 (class 2606 OID 16896)
-- Name: stores_cartitem stores_cartitem_cart_id_product_id_8aab19f6_uniq; Type: CONSTRAINT; Schema: public; Owner: postgres
--

ALTER TABLE ONLY public.stores_cartitem
    ADD CONSTRAINT stores_cartitem_cart_id_product_id_8aab19f6_uniq UNIQUE (cart_id, product_id);


--
-- TOC entry 4988 (class 2606 OID 16898)
-- Name: stores_cartitem stores_cartitem_pkey; Type: CONSTRAINT; Schema: public; Owner: postgres
--

ALTER TABLE ONLY public.stores_cartitem
    ADD CONSTRAINT stores_cartitem_pkey PRIMARY KEY (id);


--
-- TOC entry 4991 (class 2606 OID 16900)
-- Name: stores_order stores_order_pkey; Type: CONSTRAINT; Schema: public; Owner: postgres
--

ALTER TABLE ONLY public.stores_order
    ADD CONSTRAINT stores_order_pkey PRIMARY KEY (id);


--
-- TOC entry 4995 (class 2606 OID 16902)
-- Name: stores_orderitem stores_orderitem_pkey; Type: CONSTRAINT; Schema: public; Owner: postgres
--

ALTER TABLE ONLY public.stores_orderitem
    ADD CONSTRAINT stores_orderitem_pkey PRIMARY KEY (id);


--
-- TOC entry 4998 (class 2606 OID 16904)
-- Name: stores_phoneproduct stores_phoneproduct_pkey; Type: CONSTRAINT; Schema: public; Owner: postgres
--

ALTER TABLE ONLY public.stores_phoneproduct
    ADD CONSTRAINT stores_phoneproduct_pkey PRIMARY KEY (id);


--
-- TOC entry 5001 (class 2606 OID 16906)
-- Name: stores_store stores_store_pkey; Type: CONSTRAINT; Schema: public; Owner: postgres
--

ALTER TABLE ONLY public.stores_store
    ADD CONSTRAINT stores_store_pkey PRIMARY KEY (id);


--
-- TOC entry 4933 (class 1259 OID 16907)
-- Name: auth_group_name_a6ea08ec_like; Type: INDEX; Schema: public; Owner: postgres
--

CREATE INDEX auth_group_name_a6ea08ec_like ON public.auth_group USING btree (name varchar_pattern_ops);


--
-- TOC entry 4938 (class 1259 OID 16908)
-- Name: auth_group_permissions_group_id_b120cbf9; Type: INDEX; Schema: public; Owner: postgres
--

CREATE INDEX auth_group_permissions_group_id_b120cbf9 ON public.auth_group_permissions USING btree (group_id);


--
-- TOC entry 4941 (class 1259 OID 16909)
-- Name: auth_group_permissions_permission_id_84c5c92e; Type: INDEX; Schema: public; Owner: postgres
--

CREATE INDEX auth_group_permissions_permission_id_84c5c92e ON public.auth_group_permissions USING btree (permission_id);


--
-- TOC entry 4944 (class 1259 OID 16910)
-- Name: auth_permission_content_type_id_2f476e4b; Type: INDEX; Schema: public; Owner: postgres
--

CREATE INDEX auth_permission_content_type_id_2f476e4b ON public.auth_permission USING btree (content_type_id);


--
-- TOC entry 4954 (class 1259 OID 16911)
-- Name: auth_user_groups_group_id_97559544; Type: INDEX; Schema: public; Owner: postgres
--

CREATE INDEX auth_user_groups_group_id_97559544 ON public.auth_user_groups USING btree (group_id);


--
-- TOC entry 4957 (class 1259 OID 16912)
-- Name: auth_user_groups_user_id_6a12ed8b; Type: INDEX; Schema: public; Owner: postgres
--

CREATE INDEX auth_user_groups_user_id_6a12ed8b ON public.auth_user_groups USING btree (user_id);


--
-- TOC entry 4960 (class 1259 OID 16913)
-- Name: auth_user_user_permissions_permission_id_1fbb5f2c; Type: INDEX; Schema: public; Owner: postgres
--

CREATE INDEX auth_user_user_permissions_permission_id_1fbb5f2c ON public.auth_user_user_permissions USING btree (permission_id);


--
-- TOC entry 4963 (class 1259 OID 16914)
-- Name: auth_user_user_permissions_user_id_a95ead1b; Type: INDEX; Schema: public; Owner: postgres
--

CREATE INDEX auth_user_user_permissions_user_id_a95ead1b ON public.auth_user_user_permissions USING btree (user_id);


--
-- TOC entry 4951 (class 1259 OID 16915)
-- Name: auth_user_username_6821ab7c_like; Type: INDEX; Schema: public; Owner: postgres
--

CREATE INDEX auth_user_username_6821ab7c_like ON public.auth_user USING btree (username varchar_pattern_ops);


--
-- TOC entry 4966 (class 1259 OID 16916)
-- Name: django_admin_log_content_type_id_c4bce8eb; Type: INDEX; Schema: public; Owner: postgres
--

CREATE INDEX django_admin_log_content_type_id_c4bce8eb ON public.django_admin_log USING btree (content_type_id);


--
-- TOC entry 4969 (class 1259 OID 16917)
-- Name: django_admin_log_user_id_c564eba6; Type: INDEX; Schema: public; Owner: postgres
--

CREATE INDEX django_admin_log_user_id_c564eba6 ON public.django_admin_log USING btree (user_id);


--
-- TOC entry 4976 (class 1259 OID 16918)
-- Name: django_session_expire_date_a5c62663; Type: INDEX; Schema: public; Owner: postgres
--

CREATE INDEX django_session_expire_date_a5c62663 ON public.django_session USING btree (expire_date);


--
-- TOC entry 4979 (class 1259 OID 16919)
-- Name: django_session_session_key_c0390e0f_like; Type: INDEX; Schema: public; Owner: postgres
--

CREATE INDEX django_session_session_key_c0390e0f_like ON public.django_session USING btree (session_key varchar_pattern_ops);


--
-- TOC entry 4984 (class 1259 OID 16920)
-- Name: stores_cartitem_cart_id_f65154ea; Type: INDEX; Schema: public; Owner: postgres
--

CREATE INDEX stores_cartitem_cart_id_f65154ea ON public.stores_cartitem USING btree (cart_id);


--
-- TOC entry 4989 (class 1259 OID 16921)
-- Name: stores_cartitem_product_id_7bce9950; Type: INDEX; Schema: public; Owner: postgres
--

CREATE INDEX stores_cartitem_product_id_7bce9950 ON public.stores_cartitem USING btree (product_id);


--
-- TOC entry 4992 (class 1259 OID 16922)
-- Name: stores_order_user_id_013e0eeb; Type: INDEX; Schema: public; Owner: postgres
--

CREATE INDEX stores_order_user_id_013e0eeb ON public.stores_order USING btree (user_id);


--
-- TOC entry 4993 (class 1259 OID 16923)
-- Name: stores_orderitem_order_id_e2747922; Type: INDEX; Schema: public; Owner: postgres
--

CREATE INDEX stores_orderitem_order_id_e2747922 ON public.stores_orderitem USING btree (order_id);


--
-- TOC entry 4996 (class 1259 OID 16924)
-- Name: stores_orderitem_product_id_3bdecf76; Type: INDEX; Schema: public; Owner: postgres
--

CREATE INDEX stores_orderitem_product_id_3bdecf76 ON public.stores_orderitem USING btree (product_id);


--
-- TOC entry 4999 (class 1259 OID 16925)
-- Name: stores_phoneproduct_store_id_7af09342; Type: INDEX; Schema: public; Owner: postgres
--

CREATE INDEX stores_phoneproduct_store_id_7af09342 ON public.stores_phoneproduct USING btree (store_id);


--
-- TOC entry 5002 (class 2606 OID 16926)
-- Name: auth_group_permissions auth_group_permissio_permission_id_84c5c92e_fk_auth_perm; Type: FK CONSTRAINT; Schema: public; Owner: postgres
--

ALTER TABLE ONLY public.auth_group_permissions
    ADD CONSTRAINT auth_group_permissio_permission_id_84c5c92e_fk_auth_perm FOREIGN KEY (permission_id) REFERENCES public.auth_permission(id) DEFERRABLE INITIALLY DEFERRED;


--
-- TOC entry 5003 (class 2606 OID 16931)
-- Name: auth_group_permissions auth_group_permissions_group_id_b120cbf9_fk_auth_group_id; Type: FK CONSTRAINT; Schema: public; Owner: postgres
--

ALTER TABLE ONLY public.auth_group_permissions
    ADD CONSTRAINT auth_group_permissions_group_id_b120cbf9_fk_auth_group_id FOREIGN KEY (group_id) REFERENCES public.auth_group(id) DEFERRABLE INITIALLY DEFERRED;


--
-- TOC entry 5004 (class 2606 OID 16936)
-- Name: auth_permission auth_permission_content_type_id_2f476e4b_fk_django_co; Type: FK CONSTRAINT; Schema: public; Owner: postgres
--

ALTER TABLE ONLY public.auth_permission
    ADD CONSTRAINT auth_permission_content_type_id_2f476e4b_fk_django_co FOREIGN KEY (content_type_id) REFERENCES public.django_content_type(id) DEFERRABLE INITIALLY DEFERRED;


--
-- TOC entry 5005 (class 2606 OID 16941)
-- Name: auth_user_groups auth_user_groups_group_id_97559544_fk_auth_group_id; Type: FK CONSTRAINT; Schema: public; Owner: postgres
--

ALTER TABLE ONLY public.auth_user_groups
    ADD CONSTRAINT auth_user_groups_group_id_97559544_fk_auth_group_id FOREIGN KEY (group_id) REFERENCES public.auth_group(id) DEFERRABLE INITIALLY DEFERRED;


--
-- TOC entry 5006 (class 2606 OID 16946)
-- Name: auth_user_groups auth_user_groups_user_id_6a12ed8b_fk_auth_user_id; Type: FK CONSTRAINT; Schema: public; Owner: postgres
--

ALTER TABLE ONLY public.auth_user_groups
    ADD CONSTRAINT auth_user_groups_user_id_6a12ed8b_fk_auth_user_id FOREIGN KEY (user_id) REFERENCES public.auth_user(id) DEFERRABLE INITIALLY DEFERRED;


--
-- TOC entry 5007 (class 2606 OID 16951)
-- Name: auth_user_user_permissions auth_user_user_permi_permission_id_1fbb5f2c_fk_auth_perm; Type: FK CONSTRAINT; Schema: public; Owner: postgres
--

ALTER TABLE ONLY public.auth_user_user_permissions
    ADD CONSTRAINT auth_user_user_permi_permission_id_1fbb5f2c_fk_auth_perm FOREIGN KEY (permission_id) REFERENCES public.auth_permission(id) DEFERRABLE INITIALLY DEFERRED;


--
-- TOC entry 5008 (class 2606 OID 16956)
-- Name: auth_user_user_permissions auth_user_user_permissions_user_id_a95ead1b_fk_auth_user_id; Type: FK CONSTRAINT; Schema: public; Owner: postgres
--

ALTER TABLE ONLY public.auth_user_user_permissions
    ADD CONSTRAINT auth_user_user_permissions_user_id_a95ead1b_fk_auth_user_id FOREIGN KEY (user_id) REFERENCES public.auth_user(id) DEFERRABLE INITIALLY DEFERRED;


--
-- TOC entry 5009 (class 2606 OID 16961)
-- Name: django_admin_log django_admin_log_content_type_id_c4bce8eb_fk_django_co; Type: FK CONSTRAINT; Schema: public; Owner: postgres
--

ALTER TABLE ONLY public.django_admin_log
    ADD CONSTRAINT django_admin_log_content_type_id_c4bce8eb_fk_django_co FOREIGN KEY (content_type_id) REFERENCES public.django_content_type(id) DEFERRABLE INITIALLY DEFERRED;


--
-- TOC entry 5010 (class 2606 OID 16966)
-- Name: django_admin_log django_admin_log_user_id_c564eba6_fk_auth_user_id; Type: FK CONSTRAINT; Schema: public; Owner: postgres
--

ALTER TABLE ONLY public.django_admin_log
    ADD CONSTRAINT django_admin_log_user_id_c564eba6_fk_auth_user_id FOREIGN KEY (user_id) REFERENCES public.auth_user(id) DEFERRABLE INITIALLY DEFERRED;


--
-- TOC entry 5011 (class 2606 OID 16971)
-- Name: stores_cart stores_cart_user_id_9aacbdf2_fk_auth_user_id; Type: FK CONSTRAINT; Schema: public; Owner: postgres
--

ALTER TABLE ONLY public.stores_cart
    ADD CONSTRAINT stores_cart_user_id_9aacbdf2_fk_auth_user_id FOREIGN KEY (user_id) REFERENCES public.auth_user(id) DEFERRABLE INITIALLY DEFERRED;


--
-- TOC entry 5012 (class 2606 OID 16976)
-- Name: stores_cartitem stores_cartitem_cart_id_f65154ea_fk_stores_cart_id; Type: FK CONSTRAINT; Schema: public; Owner: postgres
--

ALTER TABLE ONLY public.stores_cartitem
    ADD CONSTRAINT stores_cartitem_cart_id_f65154ea_fk_stores_cart_id FOREIGN KEY (cart_id) REFERENCES public.stores_cart(id) DEFERRABLE INITIALLY DEFERRED;


--
-- TOC entry 5013 (class 2606 OID 16981)
-- Name: stores_cartitem stores_cartitem_product_id_7bce9950_fk_stores_phoneproduct_id; Type: FK CONSTRAINT; Schema: public; Owner: postgres
--

ALTER TABLE ONLY public.stores_cartitem
    ADD CONSTRAINT stores_cartitem_product_id_7bce9950_fk_stores_phoneproduct_id FOREIGN KEY (product_id) REFERENCES public.stores_phoneproduct(id) DEFERRABLE INITIALLY DEFERRED;


--
-- TOC entry 5014 (class 2606 OID 16986)
-- Name: stores_order stores_order_user_id_013e0eeb_fk_auth_user_id; Type: FK CONSTRAINT; Schema: public; Owner: postgres
--

ALTER TABLE ONLY public.stores_order
    ADD CONSTRAINT stores_order_user_id_013e0eeb_fk_auth_user_id FOREIGN KEY (user_id) REFERENCES public.auth_user(id) DEFERRABLE INITIALLY DEFERRED;


--
-- TOC entry 5015 (class 2606 OID 16991)
-- Name: stores_orderitem stores_orderitem_order_id_e2747922_fk_stores_order_id; Type: FK CONSTRAINT; Schema: public; Owner: postgres
--

ALTER TABLE ONLY public.stores_orderitem
    ADD CONSTRAINT stores_orderitem_order_id_e2747922_fk_stores_order_id FOREIGN KEY (order_id) REFERENCES public.stores_order(id) DEFERRABLE INITIALLY DEFERRED;


--
-- TOC entry 5016 (class 2606 OID 16996)
-- Name: stores_orderitem stores_orderitem_product_id_3bdecf76_fk_stores_phoneproduct_id; Type: FK CONSTRAINT; Schema: public; Owner: postgres
--

ALTER TABLE ONLY public.stores_orderitem
    ADD CONSTRAINT stores_orderitem_product_id_3bdecf76_fk_stores_phoneproduct_id FOREIGN KEY (product_id) REFERENCES public.stores_phoneproduct(id) DEFERRABLE INITIALLY DEFERRED;


--
-- TOC entry 5017 (class 2606 OID 17001)
-- Name: stores_phoneproduct stores_phoneproduct_store_id_7af09342_fk_stores_store_id; Type: FK CONSTRAINT; Schema: public; Owner: postgres
--

ALTER TABLE ONLY public.stores_phoneproduct
    ADD CONSTRAINT stores_phoneproduct_store_id_7af09342_fk_stores_store_id FOREIGN KEY (store_id) REFERENCES public.stores_store(id) DEFERRABLE INITIALLY DEFERRED;


-- Completed on 2026-05-11 14:43:03

--
-- PostgreSQL database dump complete
--

\unrestrict pWs13ZD7FsR6ZUDIp2PcfY48yG5TeWkWwdvOPEmfAdYHQoqK3t3d3ERfvTzInpX

